Top pages,Clicks,Impressions,CTR,Position
https://www.quickbizcalc.com/calculators/hourly-paycheck-calculator,51,55112,0.09%,9.37
https://www.quickbizcalc.com/calculators/time-card-calculator-with-lunch,15,7552,0.2%,20.52
https://www.quickbizcalc.com/calculators/time-card-calculator,7,2448,0.29%,54.75
https://www.quickbizcalc.com/calculators/wages-calculator,5,4460,0.11%,8.7
https://www.quickbizcalc.com/calculators/business-day-calculator,4,11081,0.04%,47.37
https://www.quickbizcalc.com/calculators/salary-tax-calculator,3,3561,0.08%,52.47
https://www.quickbizcalc.com/calculators/tax-bracket-calculator,2,2218,0.09%,54.15
https://www.quickbizcalc.com/calculators/billable-hours-calculator,2,1287,0.16%,37.42
https://www.quickbizcalc.com/calculators/bonus-tax-calculator,2,1047,0.19%,26.66
https://www.quickbizcalc.com/calculators/workers-comp-calculator,2,1039,0.19%,55.9
https://www.quickbizcalc.com/calculators/time-and-a-half-calculator,1,3928,0.03%,38.96
https://www.quickbizcalc.com/calculators/payroll-deduction-calculator,1,3717,0.03%,26.67
https://www.quickbizcalc.com/calculators/after-tax-income-calculator,1,2502,0.04%,41.76
https://www.quickbizcalc.com/calculators/employee-turnover-calculator,1,1373,0.07%,70.92
https://www.quickbizcalc.com/calculators/revenue-per-employee-calculator,1,752,0.13%,32.9
https://www.quickbizcalc.com/calculators/overtime-calculator,1,552,0.18%,71.1
https://www.quickbizcalc.com/,1,500,0.2%,66.14
https://www.quickbizcalc.com/blog/4-day-work-week-pros-cons,1,5,20%,11
https://www.quickbizcalc.com/calculators/property-tax-calculator,0,2986,0%,18.74
https://www.quickbizcalc.com/calculators/profit-margin-calculator,0,2701,0%,65.5
https://www.quickbizcalc.com/calculators/gross-margin-calculator,0,2283,0%,42.54
https://www.quickbizcalc.com/calculators/roi-calculator,0,1405,0%,46.1
https://www.quickbizcalc.com/calculators/commission-calculator,0,1257,0%,34.9
https://www.quickbizcalc.com/calculators/cost-per-hire-calculator,0,1137,0%,81.36
https://www.quickbizcalc.com/blog/how-to-structure-sales-commission-plan,0,190,0%,74.8
https://www.quickbizcalc.com/glossary,0,77,0%,65.25
https://www.quickbizcalc.com/blog,0,55,0%,60.36
https://www.quickbizcalc.com/blog/salary-vs-hourly-which-is-better,0,38,0%,46.13
https://www.quickbizcalc.com/contact,0,21,0%,5.57
https://www.quickbizcalc.com/disclaimer,0,17,0%,4.65
https://www.quickbizcalc.com/cookie-policy,0,13,0%,13.69
https://www.quickbizcalc.com/blog/how-to-calculate-payroll-taxes,0,13,0%,76.31
https://www.quickbizcalc.com/privacy-policy,0,11,0%,4
https://www.quickbizcalc.com/guides,0,7,0%,25.29
https://www.quickbizcalc.com/blog/hidden-costs-of-employee-turnover,0,6,0%,22.5
https://www.quickbizcalc.com/blog/5-essential-hr-metrics,0,2,0%,39.5
https://www.quickbizcalc.com/calculators/hourly-paycheck-calculator.,0,1,0%,1
https://www.quickbizcalc.com/calculators/hourly/paycheck-calculator/,0,1,0%,1
https://www.quickbizcalc.com/blog/fica-tax-guide,0,1,0%,52
https://www.quickbizcalc.com/blog/contractor-vs-employee-misclassification,0,1,0%,77