Top queries,Clicks,Impressions,CTR,Position
time card calculator with lunch,3,306,0.98%,44.85
business days calculator,1,339,0.29%,44.75
timecard calculator with lunch,1,152,0.66%,43.6
hourly paycheck calculator,1,104,0.96%,58.62
calculadora de horas de trabajo con almuerzo,1,42,2.38%,8.52
time card calculator decimal,1,42,2.38%,54.69
salary tax,1,22,4.55%,40.18
paycheck calculator with overtime,1,6,16.67%,59.33
10 business days from july 28 2025,1,1,100%,2
2024 tax bracket calculator,1,1,100%,26
profit margin calculator,0,1018,0%,73.62
gross margin calculator,0,581,0%,54.91
roi calculator,0,442,0%,53.12
time and a half calculator,0,391,0%,46
business day calculator,0,269,0%,42.12
workers compensation insurance cost calculator,0,211,0%,79.4
tax bracket calculator,0,205,0%,45.55
retail margin calculator,0,203,0%,70.94
business calculator,0,197,0%,75.72
cost per hire calculator,0,197,0%,80.18
billable hours calculator,0,193,0%,41.52
turnover rate calculator,0,191,0%,79.59
time and half calculator,0,166,0%,59.44
tax calculator,0,160,0%,62.31
overtime calculator,0,154,0%,71.1
markup and margin calculator,0,139,0%,61.27
time card calculator with lunch break,0,126,0%,51.75
3 business days from today,0,120,0%,57.71
roi percentage calculator,0,114,0%,49.47
time clock calculator with lunch break,0,110,0%,69.18
time card calculator with lunch breaks,0,109,0%,54.51
decimal time clock calculator,0,105,0%,57.57
lunch time calculator,0,104,0%,43.76
calculate billable hours,0,104,0%,65.4
billable hour calculator,0,103,0%,45.42
"fatima works part time and earns $14 per hour. she works 25 hours each 
week. after taxes and deductions, she takes home 80% of her gross pay. each 
month she plans to give $40 to her church, save $50 for her first car and 
$30 for a spring break trip, and spend $45 on her phone bill, $60 on gas, 
$30 on clothing, and $25 on entertainment. calculate fatima's monthly gross 
income and monthly net income. be sure to show your work. then, using her 
net income, create a complete zero-based budget following the recommended 
budgeting priorities. if any money is left after funding every category, 
explain what fatima should do with the remaining amount so that her budget 
equals $0.",0,100,0%,4.38
calculating billable hours,0,100,0%,78.98
sales commissions calculator,0,94,0%,59.19
revenue per fte,0,94,0%,75.84
time calculator with lunch,0,92,0%,41.62
commission schedule sales,0,92,0%,71.12
time clock calculator conversion,0,92,0%,71.61
what is time and a half for $15.50 an hour,0,91,0%,7.73
gross profit margin calculator,0,88,0%,64.06
temp agency markup calculator,0,88,0%,80.15
work hours decimal calculator,0,86,0%,73.36
time clock decimal converter,0,85,0%,74.71
cost of employee turnover calculator,0,85,0%,89.93
time clock calculator with lunch,0,84,0%,58.74
gross profit calculator,0,84,0%,73.42
hour calculator with lunch,0,82,0%,45.67
time and a half,0,81,0%,72.26
timesheet calculator with lunch,0,80,0%,52.31
sales commission calculator,0,80,0%,55.99
timesheet calculator with lunch break,0,78,0%,70.68
employee turnover calculator,0,78,0%,79.42
roi calculator online,0,77,0%,48.51
employee turnover cost calculator,0,76,0%,97.08
margin markup calculator,0,75,0%,47.61
payroll deductions calculator,0,72,0%,39.79
time clock conversion,0,72,0%,79.99
hourly payroll calculator,0,71,0%,73.41
business roi calculator,0,69,0%,65.01
roi calculator free,0,67,0%,43.73
calcxml federal tax calculator,0,67,0%,47.67
calculating recruitment costs,0,67,0%,90.33
payroll deduction calculator,0,64,0%,44.69
hours calculator with lunch,0,63,0%,39.67
calculate payroll deductions,0,62,0%,42.92
10 business days from today,0,62,0%,59.58
after taxes,0,61,0%,13.48
how to calculate billable hours,0,61,0%,76.54
cost to hire,0,61,0%,89.95
timesheet converter,0,61,0%,92.62
convert clock time to decimal time,0,60,0%,80.5
after tax income,0,59,0%,21.2
calculate business days,0,59,0%,39.22
how to calculate payroll deductions,0,59,0%,72.02
time decimal calculator,0,59,0%,72.07
gross margin calc,0,57,0%,59.28
after tax net income,0,56,0%,27.75
small business calculator,0,56,0%,84.59
after tax value of 175000 single,0,55,0%,35.64
time clock decimal conversion,0,55,0%,78.75
hr software pricing calculator,0,55,0%,81.15
hourly pay calculator,0,54,0%,66.11
staffing bill rate calculator,0,54,0%,81.07
time card with lunch,0,52,0%,11.69
tax calculator on salary,0,52,0%,44.6
calculate tax salary,0,52,0%,46.13
30 business days from today,0,52,0%,62.17
"last week andy worked 44 hours at his job. his regular hourly rate is $12 
and his employer pays the typical rate for overtime. he had the following 
deductions: ​ federal income tax: $40.00 state income tax: $25.00 social 
security tax: $34.22 medicare tax: $8.00 health insurance: $15.00 ​ 
calculate andy’s net pay for the week.",0,51,0%,8.71
1 3 business days,0,51,0%,59.9
time in a half calculator,0,50,0%,49.56
onboarding cost calculator,0,50,0%,85.6
emr rate calculator,0,48,0%,56.73
workers comp cost calculator,0,47,0%,81.55
gross margin calculation,0,47,0%,83.49
sales commission calculation,0,47,0%,86.47
simple roi calculator,0,46,0%,63.46
time calculator to decimal,0,46,0%,67.43
hour pay calculator,0,46,0%,72.43
hiring cost calculator,0,46,0%,81.35
payroll savings calculator,0,45,0%,77.82
tax rate calculator,0,44,0%,63.95
turnover calculator,0,44,0%,82.23
free roi calculator,0,43,0%,51.51
product margin calculator,0,43,0%,67.63
time clock calculator decimal,0,42,0%,45.69
hourly paycheck,0,42,0%,50.71
calculate employee turnover rate,0,42,0%,80.07
लंच टाइम,0,41,0%,8.68
marginal tax rate calculator,0,40,0%,31.32
margin calculator,0,40,0%,72.03
employee turnover rate calculator,0,40,0%,77.78
how to calculate turnover rate,0,40,0%,82.53
experience modification rate calculator,0,39,0%,62.1
business days,0,39,0%,65.33
payroll calculator hourly,0,39,0%,71.56
estimator cost to hire,0,39,0%,78.62
workers comp premium calculator,0,39,0%,80.59
how to calculate employee turnover rate,0,39,0%,93.33
payroll deductions online calculator,0,38,0%,31.03
time and a half calculator hours,0,36,0%,42.64
how to calculate time and a half,0,36,0%,66.11
pay hourly calculator,0,36,0%,77.44
after tax,0,35,0%,34.4
time card conversion,0,35,0%,67.8
hire cost estimator,0,35,0%,82.34
calculator for business days,0,34,0%,50.79
paycheck calculator hourly,0,34,0%,50.79
workers comp calculator,0,33,0%,35.39
sales and commission calculator,0,33,0%,58.94
2 business days,0,33,0%,59.7
5 business days from today,0,33,0%,60.58
timesheet calculator with lunch breaks,0,33,0%,66.18
calculate sales commission,0,33,0%,71.85
work hours calculator with lunch,0,33,0%,75.39
business day counter,0,32,0%,44.09
15 business days from today,0,32,0%,57.62
free hourly paycheck calculator,0,32,0%,63.94
price margin calculator,0,32,0%,67.66
workers' compensation insurance cost calculator,0,32,0%,68
how to calculate property tax,0,32,0%,90.12
employee onboarding cost calculator,0,32,0%,91
after tax income calculator,0,31,0%,47.74
tax percentage calculator,0,31,0%,50.16
calculate turnover rate,0,31,0%,68.94
what tax bracket am i in,0,31,0%,83.16
"mitch worked 45 hours last week and earns $13.00 per hour. what is mitch's 
gross pay on his last week's paycheck?",0,30,0%,8
"carlos is paid $14.25 per hour regularly. if he worked 47 hours last week, 
what was his gross pay? carlos is paid at time-and-a-half for overtime.",0,30,0%,10.43
workday calculator,0,30,0%,52.83
time sheet calculator with lunch,0,30,0%,67.9
time in half pay,0,30,0%,76.13
lunch calculator,0,29,0%,17.28
1 hour lunch break calculator,0,29,0%,51.9
7 business days from today,0,29,0%,61.41
calculate gross margin,0,29,0%,73.55
gross margin percentage calculator,0,28,0%,40.11
working date calculator,0,28,0%,51.21
20 business days from today,0,28,0%,59.14
tax deduction calculator,0,28,0%,74.04
recruitment charge rate calculator,0,28,0%,91.11
calculate hourly paycheck,0,27,0%,52.74
calculate gross margin calculator,0,27,0%,55.89
time converter to decimal,0,27,0%,71.56
time conversion to decimal,0,27,0%,75.67
time clock conversion for payroll,0,27,0%,88.26
business day calendar calculator,0,26,0%,43.96
what is 5 business days from today,0,26,0%,61.62
sales margin calculator,0,26,0%,67.81
total tax calculator,0,26,0%,68.08
how much will i make after taxes,0,26,0%,69.54
what is my tax bracket,0,26,0%,78.69
on the clock calculator,0,26,0%,80.69
calculate turnover rate employees,0,26,0%,84.88
cost-per-hire berekenen,0,26,0%,95.04
"sarah makes $12 and hour. she works 44 hours this week. optional deductions 
are $50 for health insurance and $100 for child care. federal taxes are 9% 
state taxes are 8% and fica is 7.65%. what is sarah's net pay?",0,25,0%,6.88
calculadora de horas con almuerzo,0,25,0%,7.44
time and a half of 35,0,25,0%,11
salary tax calculator,0,25,0%,47.68
roi calculator percentage,0,25,0%,51.88
gm calculator,0,25,0%,53.72
60 business days from today,0,25,0%,61.08
time clock conversion calculator,0,25,0%,64.68
calculate margin from markup,0,25,0%,73.4
osha experience modification rate calculator,0,25,0%,77.56
"jeremiah makes $15 an hour working part-time at a local fast food 
restaurant. he pays approximately 11% in taxes on his earnings. if h is his 
hours worked, model his weekly after-tax wages as a function w(h) of hours 
worked.",0,24,0%,6.83
online payroll deductions calculator,0,24,0%,35.12
net bonus calculator,0,24,0%,39.62
business date calculator,0,24,0%,48.54
commission calculator sales,0,24,0%,55.96
overtime pay calculator,0,24,0%,63.12
how long is 1 2 business days,0,24,0%,63.29
what is 7 business days from today,0,24,0%,63.62
time and a half pay calculator,0,24,0%,66.46
how long is 2 business days,0,24,0%,71.25
wholesale profit margin calculator,0,24,0%,75.12
hourly payroll calculator free,0,24,0%,76
calculate markup and margin,0,24,0%,79.92
"carlos earns $14 per hour and works 20 hours per week. after payroll taxes 
and deductions, he takes home 80% of what he earns. what’s carlos's monthly 
net income?",0,23,0%,5.26
"what is your weekly gross pay if you worked 29 hours last week and get paid 
$15.75 per hour?",0,23,0%,9.48
45 business days from today,0,23,0%,55.39
90 business days from today,0,23,0%,60
paycheck calculator with tax deductions,0,23,0%,60.87
income tax calculator,0,23,0%,64.35
decimal hours calculator,0,23,0%,74.3
employee retention rate calculator,0,23,0%,90.83
small business owner salary calculator,0,22,0%,52.91
average tax rate calculator,0,22,0%,53.68
calculating payroll deductions,0,22,0%,54.18
14 business days from today,0,22,0%,58.05
markup calculator,0,22,0%,64.18
free business calculators,0,22,0%,65.82
gross percentage calculator,0,22,0%,73.59
timesheet conversion calculator,0,22,0%,79.77
federal tax bracket calculator,0,21,0%,41.24
30 minute lunch break calculator,0,21,0%,50.05
business days from today,0,21,0%,57.48
sales compensation calculator,0,21,0%,58.33
deduction calculator,0,21,0%,63.76
how long is 2 business day,0,21,0%,65.76
time in a half pay calculator,0,21,0%,65.95
workers comp rate calculator,0,21,0%,70.24
workers compensation payroll calculation,0,21,0%,72.19
timeclock converter,0,21,0%,92.33
staff turnover calculator,0,21,0%,92.95
calculate tax on salary,0,20,0%,50.05
effective tax rate calculator,0,20,0%,64.3
how to calculate gross margin,0,20,0%,66.3
overtime calculator time and a half,0,20,0%,68.2
workers compensation cost calculator,0,20,0%,85.9
free billable hours calculator,0,19,0%,27.37
is net after taxes,0,19,0%,36.63
income tax bracket calculator,0,19,0%,39.74
tax brackets calculator,0,19,0%,41.05
commission tax calculator,0,19,0%,45.05
calculation of business days,0,19,0%,46.63
margin to markup calculator,0,19,0%,48.37
roi formula calculator,0,19,0%,55.84
tax on salary calculator,0,19,0%,57.16
one business day,0,19,0%,57.79
time in half calculator,0,19,0%,58.53
15 working days from today,0,19,0%,66.11
30 working days from today,0,19,0%,70.47
commission plans for sales,0,19,0%,80.21
how do you calculate overtime and hours,0,19,0%,86.16
calculate salary tax,0,18,0%,47.39
2 business days from today,0,18,0%,51.56
margin and markup calculator,0,18,0%,53.39
what is 3 business days from today,0,18,0%,60.22
how to figure out your tax bracket,0,18,0%,60.44
how to calculate revenue per employee,0,18,0%,65.11
deductions calculator,0,18,0%,68.28
time clock with lunch,0,18,0%,75.94
how to calculate weekly payroll deductions,0,18,0%,77.22
time card converter,0,18,0%,80.56
yes,0,17,0%,2.59
"if alex earns $ 850 $850 weekly and pays 12 % 12% in total deductions, his 
deduction amount is",0,17,0%,7.06
"carlos is paid $14.25 per hour regularly. if he worked 45 hours last week, 
what was his gross pay? carlos is paid at time-and-a-half for overtime.",0,17,0%,10.88
revenue per employee calculator,0,17,0%,38.35
income tax calculator rates,0,17,0%,40
count business days,0,17,0%,46.12
4 business days from today,0,17,0%,51.82
head of household vs single calculator,0,17,0%,57.53
$18 an hour is how much biweekly after taxes,0,17,0%,58
pay and a half calculator,0,17,0%,60.29
paycheck hourly calculator,0,17,0%,61.82
hourly check calculator,0,17,0%,66.29
payroll time conversion,0,17,0%,67.65
calculate time and a half,0,17,0%,69
what is time and a half for 16 an hour,0,17,0%,74.29
payroll hourly,0,17,0%,82.71
how much is overtime,0,17,0%,86.47
"if sara’s take home pay covering the past two weeks of work equaled $900, 
and the following deductions on her pay stub were: federal income tax: 
$77.87, state income tax: $38.93, health insurance premiums: $116.80, fica: 
$99.28, and 401(k): $64.89, what was her gross income?",0,16,0%,9.5
marginal tax calculator,0,16,0%,29.75
calculate tax bracket,0,16,0%,41.62
workday calc,0,16,0%,44.38
salary tax calculation,0,16,0%,45.75
time card decimal,0,16,0%,45.81
what is two business days from today,0,16,0%,51.69
business days counter,0,16,0%,52.25
work date calculator,0,16,0%,53.75
how much tax,0,16,0%,54.12
property tax calculator,0,16,0%,54.62
figure payroll deductions,0,16,0%,55.12
fsa payroll deduction calculator,0,16,0%,60
salesperson commission calculator,0,16,0%,61.38
calculating sales commission,0,16,0%,80.88
paycheck deductions,0,16,0%,82.56
deduction payroll,0,16,0%,86
what is time and a half of $15.50,0,15,0%,8.4
business calendar calculator,0,15,0%,45.27
timesheet with lunch,0,15,0%,56.67
28 business days from today,0,15,0%,56.93
time to decimal calculator,0,15,0%,58.13
how do i calculate time and a half,0,15,0%,69
time half pay,0,15,0%,75.67
hourly pay rate calculator,0,15,0%,76.33
how to determine time and a half,0,15,0%,82.4
time clock with lunch calculator,0,15,0%,83.53
calculating cost per hire,0,15,0%,98.6
free online time card calculator,0,14,0%,2
"in april, you earned $5,200 in graduated commission. if the first $40,000 
in sales has a 5% commission rate and any sales amount over $40,000 earns 
an 8% commission rate, what is the total amount of sales recorded for 
april? $40,000 $41,600 $72,000 $80,000",0,14,0%,8.79
business day calc,0,14,0%,19.93
net to gross bonus calculator,0,14,0%,20.86
calculate lunch break,0,14,0%,31.21
emr calculator,0,14,0%,34
hourly paycheck calculator free,0,14,0%,35.21
tax on salary,0,14,0%,42.64
tax calculator for salary,0,14,0%,47.29
after tax rate of return,0,14,0%,53
calculate your salary state and taxes,0,14,0%,53.43
one business day from today,0,14,0%,54.07
working days calculator,0,14,0%,56.86
45 working days from today,0,14,0%,58.14
how long is 10 business days,0,14,0%,59.5
markup margin calculator,0,14,0%,62
what is 10 business days from today,0,14,0%,62.86
taxable income calculator,0,14,0%,64.5
cost margin calculator,0,14,0%,64.64
markup to margin calculator,0,14,0%,65.14
5 working days from today,0,14,0%,68.57
5 business days,0,14,0%,71.07
taxes calculator,0,14,0%,71.64
30-minute lunch break calculator,0,14,0%,71.71
federal income tax rate calculator,0,14,0%,72.14
hourly paycheck calculator with overtime,0,14,0%,79.57
which tax bracket am i in,0,14,0%,83.36
calculator with lunch,0,13,0%,11.08
after tax rate,0,13,0%,32.85
timecard calculator with lunch break,0,13,0%,40.15
online time card calculator with lunch,0,13,0%,40.23
referral bonus tax calculator,0,13,0%,46.38
workers comp payment calculator,0,13,0%,46.46
estimate payroll deductions,0,13,0%,47.38
annual salary tax calculator,0,13,0%,47.92
work day calendar calculator,0,13,0%,52.31
6 business days from today,0,13,0%,55.38
how long is 10 business day,0,13,0%,58.62
how do you figure out your tax bracket,0,13,0%,59.62
hourly wage tax calculator,0,13,0%,60.62
1 2 business days,0,13,0%,60.69
3 5 business days from today,0,13,0%,61.69
double time and a half calculator,0,13,0%,62.38
paycheck estimator hourly,0,13,0%,62.38
how many business days,0,13,0%,63.31
payroll conversion calculator,0,13,0%,65.08
small business payroll calculator,0,13,0%,65.92
how long is 15 business days,0,13,0%,66
tax calculations,0,13,0%,67.23
10 working days from today,0,13,0%,68.31
7 business days,0,13,0%,71.77
free hourly payroll calculator,0,13,0%,73.46
workers comp insurance calculator,0,13,0%,74.38
time-and-a-half,0,13,0%,75.85
retail markup calculator,0,13,0%,76.54
timecard conversion,0,13,0%,76.69
simple tax calculator,0,13,0%,79.77
how much is time and a half,0,13,0%,79.85
how to figure out time and half,0,13,0%,83.15
gp calculator,0,13,0%,84.54
workcover calculator,0,13,0%,85.62
how to calculate headcount turnover,0,13,0%,86.31
how do i know what tax bracket i am in,0,13,0%,87.54
calculate employee turnover,0,13,0%,90.15
turnover employee calculation,0,13,0%,93.46
timesheet hour conversion,0,13,0%,94.54
millage rate calculator,0,12,0%,24.5
annual income after tax,0,12,0%,35.33
calculator salary tax,0,12,0%,43.17
commision tax calculator,0,12,0%,44.25
tax calculation on salary,0,12,0%,44.42
how much is one business day,0,12,0%,48
tiered commission calculator,0,12,0%,48.67
working day calculator,0,12,0%,49
time and a half calculation,0,12,0%,51.33
how long is 20 business days,0,12,0%,52.33
how much after tax,0,12,0%,55
roi calculators,0,12,0%,55.25
tax income calculator,0,12,0%,56
how to calculate business days,0,12,0%,57.42
what is time and a half of 18.50,0,12,0%,57.42
easy roi calculator,0,12,0%,58.17
hourly pay tax calculator,0,12,0%,58.33
hourly net pay calculator,0,12,0%,58.58
three business days from today,0,12,0%,60.58
when is the next business day,0,12,0%,64.25
business days this year,0,12,0%,64.5
how to calculate tax deductions,0,12,0%,64.58
online payroll calculator,0,12,0%,71.17
how to determine tax bracket,0,12,0%,73.08
calculate overtime calculator,0,12,0%,76
time and a half of 20 dollars an hour,0,12,0%,76.42
how to figure out time and a half,0,12,0%,79.08
calculating time and a half,0,12,0%,82.92
calculate overtime,0,12,0%,83.5
employee turnover calculation,0,12,0%,91.75
estimate workers compensation cost,0,12,0%,94.5
how to calculate double time and a half,0,12,0%,94.5
what is time and a half of 35,0,11,0%,8.73
online roi calculator,0,11,0%,28.18
business days calculator usa,0,11,0%,38.64
tax on commission calculator,0,11,0%,43.09
retention bonus tax calculator,0,11,0%,44.55
workday calendar calculator,0,11,0%,45.82
salary and taxes,0,11,0%,46.27
1 business day from today,0,11,0%,49.36
business day calendar,0,11,0%,53.45
what's time and a half of 19,0,11,0%,53.45
add business days,0,11,0%,54.45
calculate tax,0,11,0%,54.82
hourly to salary calculator after taxes,0,11,0%,55.73
what is 1 business day from today,0,11,0%,56
tax deduction calculator for payroll,0,11,0%,56.64
10 business days,0,11,0%,56.82
35 business days from today,0,11,0%,59.27
120 business days from today,0,11,0%,59.55
25 business days from today,0,11,0%,59.73
hourly tax calculator,0,11,0%,59.82
turnover per employee,0,11,0%,60.09
how long is 1 to 2 business days,0,11,0%,62.82
markup calculator margin,0,11,0%,63.36
gp margin calculator,0,11,0%,64
business calculators,0,11,0%,65.36
commission estimator,0,11,0%,65.36
after tax returns,0,11,0%,69.36
mtd income tax calculator,0,11,0%,69.45
calculate monthly income after taxes,0,11,0%,69.55
retailer margin calculator,0,11,0%,70.09
taxes on 200k married filing jointly calculator,0,11,0%,70.09
payroll time converter,0,11,0%,71.18
overtime rate calculator,0,11,0%,73.64
retail profit margin calculator,0,11,0%,74.91
profit margin calc,0,11,0%,77.09
calculating overtime,0,11,0%,77.55
30 margin to markup,0,11,0%,82.82
staffing agency bill rate calculator,0,11,0%,86.73
headcount turnover,0,11,0%,87.73
turnover calc,0,11,0%,93.45
staff turnover cost calculator,0,11,0%,98.55
calculadora horas trabajadas con almuerzo,0,10,0%,7.6
time and half of 35,0,10,0%,9.7
what about after taxes,0,10,0%,10
after-tax income,0,10,0%,21
time and a half of 35 an hour,0,10,0%,24.1
businessday calculator,0,10,0%,25.9
time card calculator minutes to decimal,0,10,0%,30.7
saas commission calculator,0,10,0%,33.6
calculate business day,0,10,0%,36.5
business day calculation,0,10,0%,37.4
how to calculate my tax bracket,0,10,0%,46.5
marginal tax rate calculator 2016,0,10,0%,47.9
two business days from today,0,10,0%,48.9
hourly wage and tax calculator,0,10,0%,51.5
tax brackets 2023 calculator,0,10,0%,51.6
working dates calculator,0,10,0%,54.2
gp calculator online,0,10,0%,54.3
75 business days from today,0,10,0%,54.6
date calculator business days,0,10,0%,55.5
2023 tax brackets calculator,0,10,0%,55.7
how many business days calculator,0,10,0%,55.7
calculate tax rates,0,10,0%,56.1
40 business days from today,0,10,0%,56.4
2 3 business days,0,10,0%,56.5
bonus gross up calculator,0,10,0%,56.7
commission calculator,0,10,0%,57
what is 15 business days from today,0,10,0%,59.7
21 business days from today,0,10,0%,60.6
1-3 business days,0,10,0%,60.7
hiscox workers comp premium calculator,0,10,0%,62.2
$13 an hour is how much biweekly after taxes,0,10,0%,63
hourly paycheck calc,0,10,0%,63
business income calculator,0,10,0%,63.1
bonus tax calculator 2021,0,10,0%,63.9
figuring out salary after taxes,0,10,0%,64
4 business days,0,10,0%,64.1
20 working days from today,0,10,0%,64.9
hourly rate calculator after tax,0,10,0%,68.2
how much is 1 5 business days,0,10,0%,68.2
calculate time and half,0,10,0%,68.6
add working days,0,10,0%,70.4
profit percentage calculator,0,10,0%,72.1
calculate time and a half pay,0,10,0%,76.1
how much will i pay in taxes,0,10,0%,76.3
millaiset kustannukset liittyvät henkilöstövuokraukseen b2b-asiakkaana?,0,10,0%,77.9
after tax return formula,0,10,0%,79.2
staff turnover rate calculator,0,10,0%,79.8
how long is 5 business day,0,10,0%,80
deduction paycheck,0,10,0%,80.4
overtime and double time calculator,0,10,0%,81.6
calculate turnover,0,10,0%,82.8
how much is time in a half,0,10,0%,83.4
ot calculator,0,10,0%,83.5
staff ratio calculator,0,10,0%,83.6
compensation roi calculator,0,10,0%,88.8
marginal income tax rate calculator,0,9,0%,31.78
sales rep commission calculator,0,9,0%,36.67
us business days calculator,0,9,0%,36.78
calculate number of business days,0,9,0%,41.67
aggregate bonus calculator,0,9,0%,44.11
how much is 1 business day,0,9,0%,44.11
1 business day,0,9,0%,45.78
federal tax brackets calculator,0,9,0%,46.67
business days calculator uk,0,9,0%,48.22
income after tax calculator,0,9,0%,48.67
employee deductions calculator online,0,9,0%,52.44
determine taxes on salary,0,9,0%,53.44
30 business days,0,9,0%,53.56
calendar days to business days,0,9,0%,54.11
what is 2 business days from today,0,9,0%,54.22
tax deductions calculator,0,9,0%,54.78
business hours calculator,0,9,0%,55.56
business days usa,0,9,0%,56.22
65 business days from today,0,9,0%,57.44
calculate tax rate,0,9,0%,57.56
8 business days from today,0,9,0%,57.89
calculate gm,0,9,0%,58
how long is 10 business days from today,0,9,0%,59.22
w2 tax calculator,0,9,0%,60.89
timesheet calculator decimal,0,9,0%,61.78
what is after tax income,0,9,0%,62.44
how long is 12 business days,0,9,0%,62.56
calculator tax rate,0,9,0%,63.22
hourly paycheck calculators,0,9,0%,63.78
how do i determine my tax bracket,0,9,0%,64.33
mill rate calculator,0,9,0%,64.44
time and half pay calculator,0,9,0%,64.56
lump sum tax calculator,0,9,0%,65
how long is 1-3 business days,0,9,0%,65.11
how much federal tax should i pay calculator,0,9,0%,65.33
pay calculator hourly,0,9,0%,66
calculating tax deductions,0,9,0%,66.67
5 7 business days from today,0,9,0%,67.22
calculate tex,0,9,0%,68
2021 tax brackets calculator,0,9,0%,70.67
how long is 1 business day,0,9,0%,71.44
cash income tax calculator,0,9,0%,75.78
how do you calculate time and a half,0,9,0%,75.78
annual turnover calculator,0,9,0%,76
cost to hire calculator,0,9,0%,76.11
how to work out time and a half,0,9,0%,78.11
how to calculate personal property tax,0,9,0%,80.56
recruitment cost calculator,0,9,0%,84.22
profit threshold,0,9,0%,84.78
what percentage of sales should payroll be,0,9,0%,85.11
30-minute lunch break calculator free,0,9,0%,87.44
recruitment fee calculator,0,9,0%,88.67
how long is a business day,0,9,0%,89.44
how much tax will i pay,0,9,0%,92.44
how to calculate overtime hours,0,9,0%,96.44
how to calculate commission on sales,0,9,0%,97
$35 time and a half,0,8,0%,9.38
"an employee’s gross monthly income is $4,200. the following amounts are 
deducted from the employee’s gross income: •6.2% for social security, 
•1.45% for medicare, and •15% for federal income tax. assuming there are no 
other deductions, what is the employee’s after-tax monthly income?",0,8,0%,10.12
what is time and a half of $35,0,8,0%,10.12
what time do i clock back in from lunch,0,8,0%,18.25
payroll deduction online calculator,0,8,0%,26.75
calculate hours with lunch,0,8,0%,29.25
free time card calculator with lunch,0,8,0%,32
after tax amount,0,8,0%,36.5
how to calculate tax bracket,0,8,0%,37
time calculator with lunch break,0,8,0%,38.38
bonus after tax calculator,0,8,0%,38.75
taxact tax bracket calculator,0,8,0%,42
income tax on salary,0,8,0%,43.25
commission tax rate calculator,0,8,0%,43.38
decimal time card calculator,0,8,0%,44
military bonus tax calculator,0,8,0%,45.12
federal income tax bracket calculator,0,8,0%,47.75
business working days calculator,0,8,0%,50.62
how to estimate your tax bracket,0,8,0%,52.88
how to count business days,0,8,0%,53.25
tax of salary,0,8,0%,53.5
business days since,0,8,0%,53.88
business day countdown,0,8,0%,54.75
95 business days from today,0,8,0%,55
net operating profit after taxes,0,8,0%,55
time card calculator in decimals,0,8,0%,55.75
gm margin calculator,0,8,0%,56.62
date to date calculator business days,0,8,0%,57.88
tax on annual income,0,8,0%,58.12
how to figure out my tax bracket,0,8,0%,59
what is 20 business days from today,0,8,0%,59.25
how do you calculate gross margin,0,8,0%,60.62
how much is 2 business days,0,8,0%,62.25
when is the next business day from today,0,8,0%,62.25
two business days,0,8,0%,62.5
how to calculate time in a half,0,8,0%,63.62
10 business days from now,0,8,0%,63.75
revenue per employee calculation,0,8,0%,64.38
28 working days from today,0,8,0%,65.75
after tax return calculator,0,8,0%,65.88
how many business days since,0,8,0%,66.5
how much am i getting taxed,0,8,0%,66.62
rates and taxes calculator,0,8,0%,67
time to decimal,0,8,0%,70.38
how much will make after taxes,0,8,0%,71.88
roi percentage,0,8,0%,72.38
how to calculate gross margin dollars,0,8,0%,73
how many business days till may 23,0,8,0%,73.38
markup to margin,0,8,0%,73.5
work hours pay calculator,0,8,0%,73.62
revenue per headcount,0,8,0%,75.12
estimated gross margin,0,8,0%,75.25
gross profit percentage calculator,0,8,0%,76.12
how much will pay in taxes,0,8,0%,76.5
45 minute lunch break calculator,0,8,0%,79.75
quota calculator,0,8,0%,79.88
pay time in a half,0,8,0%,81.12
business days in a month,0,8,0%,82.12
overtime calculations,0,8,0%,82.12
calculation for employee turnover rate,0,8,0%,83.38
how much do i make after taxes,0,8,0%,86.88
how to know what tax bracket you are in,0,8,0%,87.62
erp that could calculate commission,0,8,0%,90.75
employee retention calculator,0,8,0%,91.88
"mark willow works as a customer service representative and is paid $9.10 
per hour. he worked 38 hours last week. find his gross pay.",0,7,0%,10.14
after tax?,0,7,0%,10.57
us business day calculator,0,7,0%,15.86
business day calculator usa,0,7,0%,19.29
find roi calculator,0,7,0%,24.71
us business days,0,7,0%,29.86
free workers comp calculator,0,7,0%,32.57
effective tax bracket calculator,0,7,0%,33.29
half cal,0,7,0%,36.29
clock in calculator with lunch,0,7,0%,38.57
us business day,0,7,0%,40.57
calculate income tax on salary,0,7,0%,44
billable time calculator,0,7,0%,47.57
weekend calculator,0,7,0%,47.71
tax bracket calculator 2023,0,7,0%,48.43
precise hire pricing,0,7,0%,49.29
calculate gross margin percentage,0,7,0%,49.43
tax on bonus payment calculator,0,7,0%,49.43
how long is 2 business days from today,0,7,0%,50.14
hours worked calculator with lunch,0,7,0%,50.43
1 2 business days from today,0,7,0%,50.57
9 business days from today,0,7,0%,52.14
what is 4 business days from today,0,7,0%,52.57
12 business days from today,0,7,0%,53
quickbooks calculator,0,7,0%,53
tax rates calculator,0,7,0%,53.57
tax on bonus payments calculator,0,7,0%,54
6 business days,0,7,0%,54.29
half of 22,0,7,0%,54.43
how to calculate tax brackets,0,7,0%,54.43
100 business days from today,0,7,0%,54.71
calculate gross margin dollars,0,7,0%,55.14
50 business days from today,0,7,0%,55.71
5 10 business days,0,7,0%,57.14
11 business days from today,0,7,0%,57.29
2 5 business days,0,7,0%,57.57
after-tax return,0,7,0%,58.43
converter time to decimal,0,7,0%,58.43
how to calculate paycheck deductions,0,7,0%,59.14
what is ten business days from today,0,7,0%,59.43
calculate roi percentage,0,7,0%,60.43
work time calculator with lunch,0,7,0%,61.14
how long is 3 business days from today,0,7,0%,61.43
tax calc,0,7,0%,61.43
margin calculator markup,0,7,0%,62.29
hourly rate paycheck calculator,0,7,0%,62.86
tax calculation,0,7,0%,63.29
how to calculate tax on salary,0,7,0%,63.43
7 to 10 business days from today,0,7,0%,64.14
what is 21 business days from today,0,7,0%,64.14
time conversion to decimal calculator,0,7,0%,64.71
calculate payroll tax deductions,0,7,0%,65.43
what is 60 business days from today,0,7,0%,65.57
how do i figure out my tax bracket,0,7,0%,66.14
40 working days from today,0,7,0%,66.71
deduction calculator paycheck,0,7,0%,67.29
what is 30 business days from today,0,7,0%,68.29
hourly to paycheck,0,7,0%,69
earning after tax,0,7,0%,69.71
what's my tax bracket,0,7,0%,69.71
time clock converter payroll,0,7,0%,69.86
attrition calculator,0,7,0%,70.43
return of earnings calculation,0,7,0%,71
day rate overtime calculator,0,7,0%,71.43
30 work days from today,0,7,0%,71.71
how to determine my tax bracket,0,7,0%,71.71
marginal profit calculator,0,7,0%,71.71
calculate paycheck hourly,0,7,0%,72
calculate margin markup,0,7,0%,73.57
profit and margin calculator,0,7,0%,74
how much is my property tax,0,7,0%,74.29
how much taxes will i pay,0,7,0%,74.86
company calculator,0,7,0%,75.86
how much is time and a half for 15.00,0,7,0%,76.71
how to determine your tax bracket,0,7,0%,77
hourly wage calculator,0,7,0%,78
how much should i make after taxes,0,7,0%,78
1 to 2 business days,0,7,0%,78.71
how long is one business day,0,7,0%,79.43
how to calculate time and a half pay,0,7,0%,81.43
mark up to margin calculator,0,7,0%,82.14
how do you calculate time and a half overtime,0,7,0%,82.29
how to compute late per minute,0,7,0%,83.86
income after taxes is called,0,7,0%,84.29
turnover calculation,0,7,0%,86
itemized deductions or standard deduction calculator,0,7,0%,88
how to calculate gross wages,0,7,0%,88.14
how much is property tax,0,7,0%,88.71
time and a half for 16 an hour,0,7,0%,90.14
how to calculate workers compensation cost per employee,0,7,0%,90.57
calculate cost per hire,0,7,0%,94.71
after taxes?,0,6,0%,1.83
take home,0,6,0%,1.83
"joseph mows lawns for a landscaping company during the summer. he earns $40 
per lawn plus tips. what was his gross pay if he mowed 15 lawns this week 
and earned $75 in tips?",0,6,0%,5.33
how to calculate workers comp premium,0,6,0%,15
what is time and a half for $35 an hour,0,6,0%,29.17
what is time and a half of 35 an hour,0,6,0%,31.83
earnings after tax,0,6,0%,33
sales commission accelerator calculator,0,6,0%,35.17
salary income tax calculation,0,6,0%,36
bonus net calculator,0,6,0%,37.5
salary post tax,0,6,0%,38.67
buisness day calculator,0,6,0%,40.83
payroll calculator with lunch,0,6,0%,41.83
employee deductions online calculator,0,6,0%,42.33
commissions tax calculator,0,6,0%,43.5
business day count,0,6,0%,44.17
post tax bonus calculator,0,6,0%,44.33
business day calculator canada,0,6,0%,44.67
commission check calculator,0,6,0%,44.83
how much do i get after tax,0,6,0%,45
time and date business day calculator,0,6,0%,45
business day calculator nsw,0,6,0%,46.5
aggregate bonus tax calculator,0,6,0%,46.67
business day calculator south africa,0,6,0%,47
tax bracket income calculator,0,6,0%,47
tax on gross salary,0,6,0%,48
grocery store profit margin calculator,0,6,0%,48.17
business days us,0,6,0%,48.33
calculate salary taxes,0,6,0%,49
work time clock with lunch,0,6,0%,49.5
calculating business days,0,6,0%,49.83
bonus calculation after tax,0,6,0%,50
calculation of income tax on salary,0,6,0%,50
counting business days,0,6,0%,51
what do i take home after tax,0,6,0%,51
18 business days from today,0,6,0%,52.17
how to calculate tax with tax rate,0,6,0%,52.17
2 3 business days from today,0,6,0%,53.5
how long is 2 3 business days,0,6,0%,54.83
taxes from salary,0,6,0%,55
how much will i make after tax,0,6,0%,55.33
business day 1,0,6,0%,55.5
1 3 business days from today,0,6,0%,55.67
commercial property tax calculator,0,6,0%,55.83
business days to calendar days,0,6,0%,56.67
workers compensation calculator,0,6,0%,56.83
is net income after tax,0,6,0%,57.33
hourly rate tax calculator,0,6,0%,58.67
tax percent calculator,0,6,0%,59.17
time calculator work with lunch,0,6,0%,59.33
2-3 business days,0,6,0%,59.5
annualized turnover calculator,0,6,0%,60.33
lunch break time calculator,0,6,0%,60.67
calculate tax calculator,0,6,0%,61.17
business days calendar,0,6,0%,61.83
how long is 4 business days,0,6,0%,61.83
tax brackets calculation,0,6,0%,61.83
what is 14 business days from today,0,6,0%,62
what is 6 business days from today,0,6,0%,62
tax deduction payroll calculator,0,6,0%,62.17
compute gross margin,0,6,0%,62.67
10 working days,0,6,0%,63
calculator for tax deductions on paycheck,0,6,0%,63.17
what is 20 working days from today,0,6,0%,63.5
how much of salary is taxed,0,6,0%,64.67
60 working days from today,0,6,0%,65
how many business days until,0,6,0%,65.33
120 working days from today,0,6,0%,66
5 to 7 business days from today,0,6,0%,66.17
margin calculator omni,0,6,0%,66.33
time card conversion calculator,0,6,0%,66.67
what is time and a half for 19 an hour,0,6,0%,67
how long is 3 5 business days from today,0,6,0%,67.17
time half calculator,0,6,0%,67.33
how long is 9 business days,0,6,0%,67.67
property tax calculator by zip code,0,6,0%,67.83
calculator for deductions from paycheck,0,6,0%,68.83
35 working days from today,0,6,0%,69.5
omni margin calculator,0,6,0%,69.83
product profit calculator,0,6,0%,70
30 minute lunch break calculator free,0,6,0%,70.67
free time clock calculator with lunch,0,6,0%,71.83
small business roi calculator,0,6,0%,72.5
how to calculate after tax income,0,6,0%,72.67
tax deduction at source calculator,0,6,0%,72.83
time conversion payroll,0,6,0%,73
figuring out tax deductions,0,6,0%,73.83
what is three business days from today,0,6,0%,73.83
attrition rate calculator,0,6,0%,74.67
calculate retail margin,0,6,0%,74.67
how to calculate tax rate,0,6,0%,74.83
hourly overtime calculator,0,6,0%,75
how to figure time and a half,0,6,0%,75
gross margin ratio calculator,0,6,0%,75.17
how much is time and a half for 20,0,6,0%,75.33
how do you figure time and a half,0,6,0%,75.5
cost profit calculator,0,6,0%,75.67
how to find my tax bracket,0,6,0%,76.17
tax deductions from paycheck calculator,0,6,0%,76.5
is tomorrow a business day,0,6,0%,77.67
how much is a business day,0,6,0%,78.17
business tax deduction calculator,0,6,0%,78.5
how do i calculate time and half,0,6,0%,78.5
how to calculate taxes on a bonus,0,6,0%,80.5
how to calculate overtime time and a half,0,6,0%,81.5
calculation of overtime,0,6,0%,82.67
what is my tax rate,0,6,0%,83
timesheet with lunch 260,0,6,0%,83.17
roi calculator tool,0,6,0%,83.83
recruitment rate calculator,0,6,0%,84.17
how to calculate overtime,0,6,0%,85.33
turnover rate calculation,0,6,0%,86
gm calculation,0,6,0%,86.5
how much will my check be after taxes,0,6,0%,86.83
franchise roi calculator,0,6,0%,87.5
work hours calculator including lunch,0,6,0%,87.5
what is time and a half for $10 an hour,0,6,0%,88
overtime pay calculation,0,6,0%,88.67
attrition cost calculator,0,6,0%,90.33
how do you figure out property tax,0,6,0%,91.17
how to figure out property tax,0,6,0%,93.17
return on investment roi calculator,0,6,0%,94.33
how do you calculate overtime,0,6,0%,95
what is time and a half for $15 an hour,0,6,0%,95.17
cost of vacancy calculator,0,6,0%,95.83
17.75 time and a half,0,5,0%,1
calcular horas de trabajo con almuerzo,0,5,0%,7.2
"patrick is working for an hourly wage of $15. if he worked for 28 hours 
last week, what is his gross pay? $375 $420 $450",0,5,0%,10
31 hrs for 15$ an hour after tax at shake shack,0,5,0%,10.6
what is my pay after taxes,0,5,0%,25
after tax cost,0,5,0%,25.2
gm percentage calculator,0,5,0%,26.4
net after tax,0,5,0%,27.8
net income after tax,0,5,0%,34
times and a half calculator,0,5,0%,34.6
online business day calculator,0,5,0%,35
calculate after tax income,0,5,0%,37.4
lunch break calculator,0,5,0%,38
business day calculator ontario,0,5,0%,38.6
after tax operating income,0,5,0%,39.4
one hour taxes,0,5,0%,39.8
business days calc,0,5,0%,40
after tax earnings,0,5,0%,43
calculator hours with lunch,0,5,0%,44
average tax on salary,0,5,0%,45.6
calculator business days,0,5,0%,46.8
calculate hours worked with lunch,0,5,0%,48.4
income tax calculator on salary,0,5,0%,48.4
2 4 business days from today,0,5,0%,49.6
calculate work hours with lunch,0,5,0%,49.6
calendar business days calculator,0,5,0%,49.8
how much taxes is,0,5,0%,50
time clock converter calculator,0,5,0%,50
business days from date calculator,0,5,0%,50.2
business day calculator australia,0,5,0%,50.8
flsa overtime calculator,0,5,0%,50.8
income tax on gross salary,0,5,0%,51.6
timecard calculator decimal,0,5,0%,51.6
business days calculator nz,0,5,0%,51.8
payroll calculator deductions,0,5,0%,51.8
tax commission calculator,0,5,0%,52.2
20 business days,0,5,0%,52.8
tax calculator on bonus payment,0,5,0%,53.4
13 business days from today,0,5,0%,53.6
5 10 business days from today,0,5,0%,53.6
business days until,0,5,0%,53.6
business days this week,0,5,0%,54.2
blended tax rate calculator,0,5,0%,54.4
how long is 2 3 business days from today,0,5,0%,54.4
commission percentage calculator,0,5,0%,54.8
workers compensation rate calculator,0,5,0%,55
calculating tax rate,0,5,0%,55.2
16 business days from today,0,5,0%,55.4
55 business days from today,0,5,0%,55.6
pay rate tax calculator,0,5,0%,55.8
payroll calculator minutes to decimal,0,5,0%,55.8
tax from salary,0,5,0%,56
tax calculator salary,0,5,0%,56.2
weekday count,0,5,0%,56.2
how much is 10 business days,0,5,0%,56.4
hourly wage paycheck calculator,0,5,0%,56.6
hourly payroll tax calculator,0,5,0%,56.8
how to figure out what tax bracket you are in,0,5,0%,57
number of business days,0,5,0%,57
determine my tax bracket,0,5,0%,57.6
time card decimal conversion,0,5,0%,58
tax rate calculations,0,5,0%,58.4
business days between dates,0,5,0%,58.6
decimal clock calculator,0,5,0%,58.8
tax calculator lump sum,0,5,0%,58.8
hourly salary paycheck calculator,0,5,0%,59
23 time and a half,0,5,0%,59.2
time and a half calculator for hours,0,5,0%,59.2
tak bracket calculations formulas,0,5,0%,59.4
15 business days from now,0,5,0%,59.6
sale commission calculator,0,5,0%,60.2
timecard with lunch breaks,0,5,0%,60.2
what is 45 business days from today,0,5,0%,60.2
roi profit calculator,0,5,0%,60.4
omni calculator margin,0,5,0%,60.6
tax to pay calculator,0,5,0%,60.6
hourly payroll check calculator,0,5,0%,60.8
how much is 4 business days,0,5,0%,60.8
business days countdown,0,5,0%,61
how to calculate salary tax,0,5,0%,61.6
taxes on a bonus check calculator,0,5,0%,61.6
time a half calculator,0,5,0%,61.6
100 working days from today,0,5,0%,61.8
calculate time in a half,0,5,0%,61.8
tax afterpay calculator,0,5,0%,61.8
hourly income tax calculator,0,5,0%,62
how to calculate pay deductions,0,5,0%,62
what date is 10 business days from today,0,5,0%,62
7 10 business days from today,0,5,0%,62.4
mark up margin calculator,0,5,0%,62.4
3 7 business days from today,0,5,0%,62.6
80 business days from today,0,5,0%,62.6
business days.,0,5,0%,62.8
how to calculate your tax bracket,0,5,0%,62.8
time half pay calculator,0,5,0%,62.8
what is 3 5 business days from today,0,5,0%,62.8
pdoc calculator,0,5,0%,63
7 business days from now,0,5,0%,63.4
calculate roi,0,5,0%,63.4
deduction estimator,0,5,0%,63.6
how to calculate pay after taxes,0,5,0%,63.6
work hour pay calculator,0,5,0%,63.8
calculate my tax rate,0,5,0%,64.2
gm calc,0,5,0%,64.4
how long is 5 business days from today,0,5,0%,64.6
how to figure deductions from payroll,0,5,0%,64.6
time and a half of 18,0,5,0%,64.6
how do you calculate deductions from paycheck,0,5,0%,64.8
how much tax from salary,0,5,0%,64.8
time calculator in decimals,0,5,0%,65
how long is 10 15 business days,0,5,0%,67.4
hr revenue,0,5,0%,67.8
how much is two business days,0,5,0%,68
income after deductions,0,5,0%,68.4
30 working days,0,5,0%,68.8
federal income tax rates calculator,0,5,0%,69.2
after-tax returns,0,5,0%,69.4
how much do i get taxed,0,5,0%,69.4
3 business days,0,5,0%,70.2
what is 1 to 2 business days,0,5,0%,70.8
how long is 2 to 7 business days,0,5,0%,71.6
calculator overtime,0,5,0%,71.8
calculate margin percentage,0,5,0%,72.2
state and federal tax calculator,0,5,0%,72.4
paycheck hour calculator,0,5,0%,72.6
gross sales calculator,0,5,0%,72.8
what is 2 business days,0,5,0%,72.8
after tax irr,0,5,0%,73.2
business margin calculator,0,5,0%,73.2
gross profit calc,0,5,0%,73.2
business days by month,0,5,0%,73.4
paycheck tax deductions,0,5,0%,73.8
how much is $20 an hour after taxes weekly,0,5,0%,74
revenue per employee formula,0,5,0%,74
searchforce pricing,0,5,0%,74
wholesale margin calculator,0,5,0%,74
cost sell margin calculator,0,5,0%,74.4
how much is $20 an hour weekly after taxes,0,5,0%,74.6
how is tax bracket calculated,0,5,0%,74.8
how many work days this year,0,5,0%,74.8
roi estimate,0,5,0%,74.8
how to calculate taxes on salary,0,5,0%,75.2
how long is 1 business days,0,5,0%,75.4
time to fraction,0,5,0%,75.4
how many business days until may 22,0,5,0%,75.6
what is 7 10 business days,0,5,0%,76
convert time clock,0,5,0%,76.4
how much will i make after taxes calculator,0,5,0%,76.4
in-recruiting pricing,0,5,0%,76.4
overtime calculation,0,5,0%,76.4
90 business days ago from today,0,5,0%,77.2
how do you calculate payroll deductions,0,5,0%,77.6
job hourly calculator,0,5,0%,77.6
gross margin calculator formula,0,5,0%,78.6
time and a half for 19 an hour,0,5,0%,78.6
how many business days in a month,0,5,0%,78.8
how do you calculate turnover rate,0,5,0%,79.4
payroll hourly calculator,0,5,0%,80.2
how to know my tax bracket,0,5,0%,80.6
time and half,0,5,0%,81.6
what is time and a half of 18,0,5,0%,81.6
what is time and half of 20,0,5,0%,81.8
time and half pay,0,5,0%,82.2
sales commission planning,0,5,0%,82.4
how to calculate overtime pay,0,5,0%,82.8
staff augmentation cost calculator,0,5,0%,83
how much taxes do i pay,0,5,0%,83.2
convert markup to margin,0,5,0%,83.8