Keyword,Avg. monthly searches,Top of page bid (high range),Competition
margin calculator,500000,15.45,Low
payroll calculator,500000,13.69,Low
paycheck calculator,500000,13.69,Low
calculate my paycheck,500000,13.69,Low
time card calculator,500000,9.07,Low
tax calculator,500000,2.4,Low
salary calculator,500000,2.2,Low
time to decimal calculator,50000,38.36,Low
salary increase calculator,50000,24.86,Low
paycheck city,50000,22.71,Low
discount calculator,50000,14.22,Low
after tax income calculator,50000,11,Low
salary after tax calculator,50000,11,Low
salary paycheck calculator,50000,11,Low
overtime calculator,50000,10.15,Low
adp hourly calculator,50000,9.92,Low
smartasset paycheck calculator,50000,9.08,Low
profit margin calculator,50000,8.43,Low
gross margin calculator,50000,6.98,Low
bonus tax calculator,50000,6.95,Low
lottery tax calculator,50000,6.75,Low
hourly paycheck calculator,50000,6.39,Low
markup calculator,50000,6.13,Low
property tax calculator,50000,5.09,Low
h and r block tax calculator,50000,4.79,Low
wages calculator,50000,4.61,Low
online tax calculator,50000,4.21,Low
federal tax calculator,50000,3.83,Low
monthly salary calculator,50000,3.6,Low
tax refund estimator,50000,3.5,Low
roi calculator,50000,3.46,Low
hourly rate calculator,50000,3.43,Low
paycheck tax calculator,50000,3.24,Low
tax withholding calculator,50000,3.1,Low
tax rate calculator,50000,3,Low
tax bracket calculator,50000,3,Low
irs tax calculator,50000,3,Low
tax return calculator,50000,2.82,Low
decimal calculator,50000,2.78,Low
taxable income calculator,50000,2.63,Low
income tax calculator,50000,2.63,Low
roi formula,50000,2.41,Low
federal income tax calculator,50000,2.4,Low
federal income tax rate calculator,50000,2.2,Low
yearly salary calculator,50000,1.8,Low
annual salary calculator,50000,1.7,Low
hourly to salary calculator,50000,0.57,Low
business day calculator,50000,,Low
commission calculator,5000,80.83,Low
online payroll calculator,5000,38.62,Low
pro rata calculator,5000,28.98,Low
omni margin calculator,5000,21.04,Low
reverse tax calculator,5000,16.37,Low
payroll tax calculator,5000,13,Low
free paycheck calculator,5000,12.11,Low
salary after tax,5000,12,Low
pay after tax,5000,12,Low
net salary calculator,5000,12,Low
payroll deduction calculator,5000,11.73,Low
salary tax calculator,5000,11.06,Low
adp hourly paycheck calculator,5000,10,Low
tax deduction calculator,5000,8.21,Low
payroll hours calculator,5000,7.27,Low
discount formula,5000,7.16,Low
after tax calculator,5000,7.07,Low
margin formula,5000,6.78,Low
take home salary calculator,5000,6.74,Low
time card calculator with lunch,5000,6.2,Low
federal tax withholding calculator,5000,6,Low
salary converter,5000,5.48,Low
hr block tax calculator,5000,5.25,Low
hourly pay calculator,5000,4.55,Low
state tax calculator,5000,4.49,Low
taxi calculator,5000,3.42,Low
markup formula,5000,2.96,Low
fraction to decimal calculator,5000,2.78,Low
decimal to fraction calculator,5000,2.6,Low
hourly wage calculator,5000,2.6,Low
effective tax rate calculator,5000,2.4,Low
hourly rate to salary,5000,0.98,Low
decimal to percent calculator,5000,,Low
hexadecimal calculator,5000,,Low
payroll deductions online calculator,500,11.01,Low
weekly tax calculator,500,7,Low
dividend tax calculator,500,6.74,Low
tax calculator 2023,500,5,Low
tax credit calculator,500,4.85,Low
simple tax calculator,500,3.71,Low
land transfer tax calculator,500,,Low
45000 after tax,500,,Low
decimal to hexadecimal converter,500,,Low
pro rata salary calculator,500,,Low
40k after tax,500,,Low
2022 tax refund calculator,50,5.81,Low
2021 income tax calculator,50,4.68,Low
tax estimator 2022,50,4.36,Low
tax calculator 2021,50,2.91,Low
paye tax calculator,50,,Low
tax refund calculator 2022 2023,50,,Low
tax return calculator 2022,50,,Low
income tax calculator 2022,50,,Low
